{"assets/.DS_Store":["assets/.DS_Store"],"assets/bus.png":["assets/bus.png"],"assets/calendar.png":["assets/calendar.png"],"assets/camera.png":["assets/camera.png"],"assets/check.png":["assets/check.png"],"assets/location.png":["assets/location.png"],"assets/ticket.png":["assets/ticket.png"],"packages/cupertino_icons/assets/CupertinoIcons.ttf":["packages/cupertino_icons/assets/CupertinoIcons.ttf"],"packages/flutter_google_maps/assets/images/marker_a.png":["packages/flutter_google_maps/assets/images/marker_a.png"],"packages/flutter_google_maps/assets/images/marker_b.png":["packages/flutter_google_maps/assets/images/marker_b.png"],"packages/line_icons/lib/assets/fonts/LineIcons.ttf":["packages/line_icons/lib/assets/fonts/LineIcons.ttf"]}